LODI;ABBADIA CERRETO
LECCO;ABBADIA LARIANA
MILANO;ABBIATEGRASSO
BRESCIA;ACQUAFREDDA
CREMONA;ACQUANEGRA CREMONESE
MANTOVA;ACQUANEGRA SUL CHIESE
BERGAMO;ADRARA SAN MARTINO
BERGAMO;ADRARA SAN ROCCO
BRESCIA;ADRO
CREMONA;AGNADELLO
BRESCIA;AGNOSINE
VARESE;AGRA
MONZA E BRIANZA;AGRATE BRIANZA
MONZA E BRIANZA;AICURZIO
LECCO;AIRUNO
PAVIA;ALAGNA
MILANO;ALBAIRATE
BERGAMO;ALBANO SANT'ALESSANDRO
PAVIA;ALBAREDO ARNABOLDI
SONDRIO;ALBAREDO PER SAN MARCO
COMO;ALBAVILLA
COMO;ALBESE CON CASSANO
MONZA E BRIANZA;ALBIATE
BERGAMO;ALBINO
COMO;ALBIOLO
VARESE;ALBIZZATE
PAVIA;ALBONESE
SONDRIO;ALBOSAGGIA
PAVIA;ALBUZZANO
BRESCIA;ALFIANELLO
BERGAMO;ALGUA
BERGAMO;ALMÈ
BERGAMO;ALMENNO SAN BARTOLOMEO
BERGAMO;ALMENNO SAN SALVATORE
COMO;ALSERIO
COMO;ALTA VALLE INTELVI
BERGAMO;ALZANO LOMBARDO
COMO;ALZATE BRIANZA
BERGAMO;AMBIVERE
SONDRIO;ANDALO VALTELLINO
BRESCIA;ANFO
VARESE;ANGERA
BRESCIA;ANGOLO TERME
CREMONA;ANNICCO
LECCO;ANNONE DI BRIANZA
BERGAMO;ANTEGNATE
COMO;ANZANO DEL PARCO
COMO;APPIANO GENTILE
SONDRIO;APRICA
BERGAMO;ARCENE
VARESE;ARCISATE
MILANO;ARCONATE
MONZA E BRIANZA;ARCORE
SONDRIO;ARDENNO
BERGAMO;ARDESIO
PAVIA;ARENA PO
MILANO;ARESE
COMO;ARGEGNO
MILANO;ARLUNO
COMO;AROSIO
VARESE;ARSAGO SEPRIO
BRESCIA;ARTOGNE
BERGAMO;ARZAGO D'ADDA
MANTOVA;ASOLA
MILANO;ASSAGO
COMO;ASSO
BERGAMO;AVERARA
BERGAMO;AVIATICO
CREMONA;AZZANELLO
BRESCIA;AZZANO MELLA
BERGAMO;AZZANO SAN PAOLO
VARESE;AZZATE
VARESE;AZZIO
BERGAMO;AZZONE
PAVIA;BADIA PAVESE
PAVIA;BAGNARIA
BERGAMO;BAGNATICA
CREMONA;BAGNOLO CREMASCO
BRESCIA;BAGNOLO MELLA
MANTOVA;BAGNOLO SAN VITO
BRESCIA;BAGOLINO
LECCO;BALLABIO
MILANO;BARANZATE
VARESE;BARASSO
BRESCIA;BARBARIGA
BERGAMO;BARBATA
PAVIA;BARBIANELLO
VARESE;BARDELLO
MILANO;BAREGGIO
BRESCIA;BARGHE
BERGAMO;BARIANO
MONZA E BRIANZA;BARLASSINA
COMO;BARNI
LECCO;BARZAGO
BERGAMO;BARZANA
LECCO;BARZANÒ
LECCO;BARZIO
PAVIA;BASCAPÈ
MILANO;BASIANO
MILANO;BASIGLIO
BRESCIA;BASSANO BRESCIANO
PAVIA;BASTIDA PANCARANA
PAVIA;BATTUDA
VARESE;BEDERO VALCUVIA
BRESCIA;BEDIZZOLE
BERGAMO;BEDULITA
PAVIA;BELGIOIOSO
COMO;BELLAGIO
LECCO;BELLANO
MILANO;BELLINZAGO LOMBARDO
MONZA E BRIANZA;BELLUSCO
SONDRIO;BEMA
COMO;BENE LARIO
BERGAMO;BERBENNO
SONDRIO;BERBENNO DI VALTELLINA
COMO;BEREGAZZO CON FIGLIARO
PAVIA;BEREGUARDO
BERGAMO;BERGAMO
BRESCIA;BERLINGO
MONZA E BRIANZA;BERNAREGGIO
MILANO;BERNATE TICINO
LODI;BERTONICO
BRESCIA;BERZO DEMO
BRESCIA;BERZO INFERIORE
BERGAMO;BERZO SAN FERMO
MONZA E BRIANZA;BESANA IN BRIANZA
VARESE;BESANO
MILANO;BESATE
VARESE;BESNATE
VARESE;BESOZZO
VARESE;BIANDRONNO
BERGAMO;BIANZANO
SONDRIO;BIANZONE
MONZA E BRIANZA;BIASSONO
BRESCIA;BIENNO
MANTOVA;BIGARELLO
COMO;BINAGO
MILANO;BINASCO
BRESCIA;BIONE
VARESE;BISUSCHIO
COMO;BIZZARONE
BERGAMO;BLELLO
COMO;BLESSAGNO
COMO;BLEVIO
VARESE;BODIO LOMNAGO
LODI;BOFFALORA D'ADDA
MILANO;BOFFALORA SOPRA TICINO
BERGAMO;BOLGARE
MILANO;BOLLATE
BERGAMO;BOLTIERE
BERGAMO;BONATE SOPRA
BERGAMO;BONATE SOTTO
CREMONA;BONEMERSE
CREMONA;BORDOLANO
PAVIA;BORGARELLO
LODI;BORGHETTO LODIGIANO
BERGAMO;BORGO DI TERZO
MANTOVA;BORGO MANTOVANO
PAVIA;BORGO PRIOLO
BRESCIA;BORGO SAN GIACOMO
LODI;BORGO SAN GIOVANNI
PAVIA;BORGO SAN SIRO
MANTOVA;BORGO VIRGILIO
MANTOVA;BORGOFRANCO SUL PO
PAVIA;BORGORATTO MORMOROLO
BRESCIA;BORGOSATOLLO
SONDRIO;BORMIO
PAVIA;BORNASCO
BRESCIA;BORNO
LECCO;BOSISIO PARINI
PAVIA;BOSNASCO
BERGAMO;BOSSICO
BERGAMO;BOTTANUCO
BRESCIA;BOTTICINO
BRESCIA;BOVEGNO
BRESCIA;BOVEZZO
MONZA E BRIANZA;BOVISIO-MASCIAGO
MANTOVA;BOZZOLO
BERGAMO;BRACCA
PAVIA;BRALLO DI PREGOLA
BRESCIA;BRANDICO
BERGAMO;BRANZI
BRESCIA;BRAONE
VARESE;BREBBIA
VARESE;BREGANO
COMO;BREGNANO
BERGAMO;BREMBATE
BERGAMO;BREMBATE DI SOPRA
LODI;BREMBIO
PAVIA;BREME
COMO;BRENNA
BRESCIA;BRENO
VARESE;BRENTA
BRESCIA;BRESCIA
PAVIA;BRESSANA BOTTARONE
MILANO;BRESSO
VARESE;BREZZO DI BEDERO
COMO;BRIENNO
BERGAMO;BRIGNANO GERA D'ADDA
VARESE;BRINZIO
BRESCIA;BRIONE
MONZA E BRIANZA;BRIOSCO
VARESE;BRISSAGO-VALTRAVAGLIA
LECCO;BRIVIO
PAVIA;BRONI
MONZA E BRIANZA;BRUGHERIO
BERGAMO;BRUMANO
COMO;BRUNATE
VARESE;BRUNELLO
BERGAMO;BRUSAPORTO
VARESE;BRUSIMPIANO
MILANO;BUBBIANO
MILANO;BUCCINASCO
SONDRIO;BUGLIO IN MONTE
VARESE;BUGUGGIATE
LECCO;BULCIAGO
COMO;BULGAROGRASSO
MONZA E BRIANZA;BURAGO DI MOLGORA
MILANO;BUSCATE
MONZA E BRIANZA;BUSNAGO
MILANO;BUSSERO
VARESE;BUSTO ARSIZIO
MILANO;BUSTO GAROLFO
CREMONA;CA' D'ANDREA
COMO;CABIATE
VARESE;CADEGLIANO-VICONAGO
COMO;CADORAGO
VARESE;CADREZZATE
COMO;CAGLIO
COMO;CAGNO
BRESCIA;CAINO
SONDRIO;CAIOLO
VARESE;CAIRATE
BERGAMO;CALCINATE
BRESCIA;CALCINATO
BERGAMO;CALCIO
LECCO;CALCO
LECCO;CALOLZIOCORTE
BERGAMO;CALUSCO D'ADDA
BRESCIA;CALVAGESE DELLA RIVIERA
CREMONA;CALVATONE
BERGAMO;CALVENZANO
PAVIA;CALVIGNANO
MILANO;CALVIGNASCO
BRESCIA;CALVISANO
MILANO;CAMBIAGO
BERGAMO;CAMERATA CORNELLO
CREMONA;CAMISANO
CREMONA;CAMPAGNOLA CREMASCA
MONZA E BRIANZA;CAMPARADA
COMO;CAMPIONE D'ITALIA
SONDRIO;CAMPODOLCINO
PAVIA;CAMPOSPINOSO
PAVIA;CANDIA LOMELLINA
MILANO;CANEGRATE
PAVIA;CANEVINO
PAVIA;CANNETO PAVESE
MANTOVA;CANNETO SULL'OGLIO
BERGAMO;CANONICA D'ADDA
VARESE;CANTELLO
COMO;CANTÙ
COMO;CANZO
CREMONA;CAPERGNANICA
COMO;CAPIAGO INTIMIANO
BERGAMO;CAPIZZONE
BRESCIA;CAPO DI PONTE
MONZA E BRIANZA;CAPONAGO
BRESCIA;CAPOVALLE
CREMONA;CAPPELLA CANTONE
CREMONA;CAPPELLA DE' PICENARDI
CREMONA;CAPRALBA
BRESCIA;CAPRIANO DEL COLLE
BERGAMO;CAPRIATE SAN GERVASIO
BERGAMO;CAPRINO BERGAMASCO
BRESCIA;CAPRIOLO
MONZA E BRIANZA;CARATE BRIANZA
COMO;CARATE URIO
BERGAMO;CARAVAGGIO
VARESE;CARAVATE
PAVIA;CARBONARA AL TICINO
MANTOVA;CARBONARA DI PO
COMO;CARBONATE
VARESE;CARDANO AL CAMPO
LECCO;CARENNO
COMO;CARIMATE
COMO;CARLAZZO
VARESE;CARNAGO
MONZA E BRIANZA;CARNATE
BERGAMO;CAROBBIO DEGLI ANGELI
BERGAMO;CARONA
VARESE;CARONNO PERTUSELLA
VARESE;CARONNO VARESINO
BRESCIA;CARPENEDOLO
MILANO;CARPIANO
MILANO;CARUGATE
COMO;CARUGO
BERGAMO;CARVICO
CREMONA;CASALBUTTANO ED UNITI
CREMONA;CASALE CREMASCO-VIDOLASCO
VARESE;CASALE LITTA
CREMONA;CASALETTO CEREDANO
CREMONA;CASALETTO DI SOPRA
LODI;CASALETTO LODIGIANO
CREMONA;CASALETTO VAPRIO
CREMONA;CASALMAGGIORE
LODI;CASALMAIOCCO
CREMONA;CASALMORANO
MANTOVA;CASALMORO
MANTOVA;CASALOLDO
LODI;CASALPUSTERLENGO
MANTOVA;CASALROMANO
VARESE;CASALZUIGNO
PAVIA;CASANOVA LONATI
LECCO;CASARGO
MILANO;CASARILE
LECCO;CASATENOVO
PAVIA;CASATISMA
BERGAMO;CASAZZA
VARESE;CASCIAGO
PAVIA;CASEI GEROLA
LODI;CASELLE LANDI
LODI;CASELLE LURANI
BERGAMO;CASIRATE D'ADDA
COMO;CASLINO D'ERBA
COMO;CASNATE CON BERNATE
BERGAMO;CASNIGO
PAVIA;CASORATE PRIMO
VARESE;CASORATE SEMPIONE
MILANO;CASOREZZO
SONDRIO;CASPOGGIO
LECCO;CASSAGO BRIANZA
MILANO;CASSANO D'ADDA
VARESE;CASSANO MAGNAGO
VARESE;CASSANO VALCUVIA
BERGAMO;CASSIGLIO
MILANO;CASSINA DE' PECCHI
COMO;CASSINA RIZZARDI
LECCO;CASSINA VALSASSINA
MILANO;CASSINETTA DI LUGAGNANO
PAVIA;CASSOLNOVO
PAVIA;CASTANA
MILANO;CASTANO PRIMO
PAVIA;CASTEGGIO
BRESCIA;CASTEGNATO
MANTOVA;CASTEL D'ARIO
CREMONA;CASTEL GABBIANO
MANTOVA;CASTEL GOFFREDO
BRESCIA;CASTEL MELLA
BERGAMO;CASTEL ROZZONE
MANTOVA;CASTELBELFORTE
BRESCIA;CASTELCOVATI
CREMONA;CASTELDIDONE
LODI;CASTELGERUNDO
VARESE;CASTELLANZA
CREMONA;CASTELLEONE
PAVIA;CASTELLETTO DI BRANDUZZO
BERGAMO;CASTELLI CALEPIO
VARESE;CASTELLO CABIAGLIO
PAVIA;CASTELLO D'AGOGNA
SONDRIO;CASTELLO DELL'ACQUA
LECCO;CASTELLO DI BRIANZA
MANTOVA;CASTELLUCCHIO
COMO;CASTELMARTE
PAVIA;CASTELNOVETTO
LODI;CASTELNUOVO BOCCA D'ADDA
COMO;CASTELNUOVO BOZZENTE
VARESE;CASTELSEPRIO
VARESE;CASTELVECCANA
CREMONA;CASTELVERDE
CREMONA;CASTELVISCONTI
BRESCIA;CASTENEDOLO
LODI;CASTIGLIONE D'ADDA
MANTOVA;CASTIGLIONE DELLE STIVIERE
VARESE;CASTIGLIONE OLONA
SONDRIO;CASTIONE ANDEVENNO
BERGAMO;CASTIONE DELLA PRESOLANA
LODI;CASTIRAGA VIDARDO
BRESCIA;CASTO
BRESCIA;CASTREZZATO
BERGAMO;CASTRO
VARESE;CASTRONNO
PAVIA;CAVA MANARA
COMO;CAVARGNA
VARESE;CAVARIA CON PREMEZZO
LODI;CAVENAGO D'ADDA
MONZA E BRIANZA;CAVENAGO DI BRIANZA
BERGAMO;CAVERNAGO
MANTOVA;CAVRIANA
VARESE;CAZZAGO BRABBIA
BRESCIA;CAZZAGO SAN MARTINO
BERGAMO;CAZZANO SANT'ANDREA
PAVIA;CECIMA
BRESCIA;CEDEGOLO
SONDRIO;CEDRASCO
CREMONA;CELLA DATI
BRESCIA;CELLATICA
BERGAMO;CENATE SOPRA
BERGAMO;CENATE SOTTO
BERGAMO;CENE
COMO;CENTRO VALLE INTELVI
COMO;CERANO D'INTELVI
PAVIA;CERANOVA
SONDRIO;CERCINO
MANTOVA;CERESARA
BERGAMO;CERETE
PAVIA;CERETTO LOMELLINA
PAVIA;CERGNAGO
MONZA E BRIANZA;CERIANO LAGHETTO
COMO;CERMENATE
COMO;CERNOBBIO
LECCO;CERNUSCO LOMBARDONE
MILANO;CERNUSCO SUL NAVIGLIO
MILANO;CERRO AL LAMBRO
MILANO;CERRO MAGGIORE
PAVIA;CERTOSA DI PAVIA
BRESCIA;CERVENO
PAVIA;CERVESINA
LODI;CERVIGNANO D'ADDA
LECCO;CESANA BRIANZA
MILANO;CESANO BOSCONE
MONZA E BRIANZA;CESANO MADERNO
MILANO;CESATE
BRESCIA;CETO
BRESCIA;CEVO
BRESCIA;CHIARI
SONDRIO;CHIAVENNA
SONDRIO;CHIESA IN VALMALENCO
CREMONA;CHIEVE
BERGAMO;CHIGNOLO D'ISOLA
PAVIA;CHIGNOLO PO
BERGAMO;CHIUDUNO
SONDRIO;CHIURO
CREMONA;CICOGNOLO
PAVIA;CIGOGNOLA
BRESCIA;CIGOLE
PAVIA;CILAVEGNA
BRESCIA;CIMBERGO
CREMONA;CINGIA DE' BOTTI
MILANO;CINISELLO BALSAMO
SONDRIO;CINO
COMO;CIRIMIDO
BERGAMO;CISANO BERGAMASCO
BERGAMO;CISERANO
VARESE;CISLAGO
MILANO;CISLIANO
VARESE;CITTIGLIO
LECCO;CIVATE
BERGAMO;CIVIDATE AL PIANO
BRESCIA;CIVIDATE CAMUNO
SONDRIO;CIVO
COMO;CLAINO CON OSTENO
VARESE;CLIVIO
BERGAMO;CLUSONE
BRESCIA;COCCAGLIO
VARESE;COCQUIO-TREVISAGO
PAVIA;CODEVILLA
LODI;CODOGNO
MONZA E BRIANZA;COGLIATE
BERGAMO;COLERE
LECCO;COLICO
LECCO;COLLE BRIANZA
BRESCIA;COLLEBEATO
BRESCIA;COLLIO
BRESCIA;COLOGNE
BERGAMO;COLOGNO AL SERIO
MILANO;COLOGNO MONZESE
COMO;COLONNO
SONDRIO;COLORINA
MILANO;COLTURANO
COMO;COLVERDE
BERGAMO;COLZATE
VARESE;COMABBIO
LODI;COMAZZO
VARESE;COMERIO
BRESCIA;COMEZZANO-CIZZAGO
MANTOVA;COMMESSAGGIO
COMO;COMO
BERGAMO;COMUN NUOVO
BRESCIA;CONCESIO
MONZA E BRIANZA;CONCOREZZO
PAVIA;CONFIENZA
PAVIA;COPIANO
PAVIA;CORANA
MILANO;CORBETTA
MILANO;CORMANO
BERGAMO;CORNA IMAGNA
BERGAMO;CORNALBA
PAVIA;CORNALE
MILANO;CORNAREDO
MONZA E BRIANZA;CORNATE D'ADDA
LODI;CORNEGLIANO LAUDENSE
LODI;CORNO GIOVINE
LODI;CORNOVECCHIO
MONZA E BRIANZA;CORREZZANA
COMO;CORRIDO
MILANO;CORSICO
CREMONA;CORTE DE' CORTESI CON CIGNONE
CREMONA;CORTE DE' FRATI
BRESCIA;CORTE FRANCA
LODI;CORTE PALASIO
BRESCIA;CORTENO GOLGI
LECCO;CORTENOVA
BERGAMO;CORTENUOVA
PAVIA;CORTEOLONA
PAVIA;CORVINO SAN QUIRICO
BRESCIA;CORZANO
SONDRIO;COSIO VALTELLINO
PAVIA;COSTA DE' NOBILI
BERGAMO;COSTA DI MEZZATE
LECCO;COSTA MASNAGA
BERGAMO;COSTA SERINA
BERGAMO;COSTA VALLE IMAGNA
BERGAMO;COSTA VOLPINO
BERGAMO;COVO
PAVIA;COZZO
LECCO;CRANDOLA VALSASSINA
BERGAMO;CREDARO
CREMONA;CREDERA RUBBIANO
CREMONA;CREMA
LECCO;CREMELLA
VARESE;CREMENAGA
LECCO;CREMENO
COMO;CREMIA
CREMONA;CREMONA
CREMONA;CREMOSANO
LODI;CRESPIATICA
VARESE;CROSIO DELLA VALLE
CREMONA;CROTTA D'ADDA
VARESE;CUASSO AL MONTE
COMO;CUCCIAGO
MILANO;CUGGIONO
VARESE;CUGLIATE-FABIASCO
CREMONA;CUMIGNANO SUL NAVIGLIO
VARESE;CUNARDO
PAVIA;CURA CARPIGNANO
VARESE;CURIGLIA CON MONTEVIASCO
BERGAMO;CURNO
MANTOVA;CURTATONE
MILANO;CUSAGO
MILANO;CUSANO MILANINO
COMO;CUSINO
BERGAMO;CUSIO
VARESE;CUVEGLIO
VARESE;CUVIO
MILANO;DAIRAGO
BERGAMO;DALMINE
BRESCIA;DARFO BOARIO TERME
VARESE;DAVERIO
SONDRIO;DAZIO
SONDRIO;DELEBIO
BRESCIA;DELLO
CREMONA;DEROVERE
LECCO;DERVIO
BRESCIA;DESENZANO DEL GARDA
MONZA E BRIANZA;DESIO
COMO;DIZZASCO
LECCO;DOLZAGO
COMO;DOMASO
COMO;DONGO
LECCO;DORIO
PAVIA;DORNO
MANTOVA;DOSOLO
BERGAMO;DOSSENA
COMO;DOSSO DEL LIRO
CREMONA;DOVERA
MILANO;DRESANO
CREMONA;DRIZZONA
SONDRIO;DUBINO
VARESE;DUMENZA
VARESE;DUNO
BRESCIA;EDOLO
LECCO;ELLO
BERGAMO;ENDINE GAIANO
BERGAMO;ENTRATICO
COMO;ERBA
BRESCIA;ERBUSCO
LECCO;ERVE
BRESCIA;ESINE
LECCO;ESINO LARIO
COMO;EUPILIO
SONDRIO;FAEDO VALTELLINO
COMO;FAGGETO LARIO
VARESE;FAGNANO OLONA
COMO;FALOPPIO
BERGAMO;FARA GERA D'ADDA
BERGAMO;FARA OLIVANA CON SOLA
COMO;FENEGRÒ
VARESE;FERNO
VARESE;FERRERA DI VARESE
PAVIA;FERRERA ERBOGNONE
CREMONA;FIESCO
BRESCIA;FIESSE
COMO;FIGINO SERENZA
BERGAMO;FILAGO
PAVIA;FILIGHERA
BERGAMO;FINO DEL MONTE
COMO;FINO MORNASCO
BERGAMO;FIORANO AL SERIO
BRESCIA;FLERO
LODI;FOMBIO
BERGAMO;FONTANELLA
BERGAMO;FONTENO
BERGAMO;FOPPOLO
SONDRIO;FORCOLA
BERGAMO;FORESTO SPARSO
CREMONA;FORMIGARA
BERGAMO;FORNOVO SAN GIOVANNI
PAVIA;FORTUNAGO
PAVIA;FRASCAROLO
BERGAMO;FUIPIANO VALLE IMAGNA
SONDRIO;FUSINE
CREMONA;GABBIONETA-BINANUOVA
CREMONA;GADESCO-PIEVE DELMONA
MILANO;GAGGIANO
LECCO;GALBIATE
LODI;GALGAGNANO
VARESE;GALLARATE
VARESE;GALLIATE LOMBARDO
PAVIA;GALLIAVOLA
BRESCIA;GAMBARA
PAVIA;GAMBARANA
PAVIA;GAMBOLÒ
BERGAMO;GANDELLINO
BERGAMO;GANDINO
BERGAMO;GANDOSSO
MILANO;GARBAGNATE MILANESE
LECCO;GARBAGNATE MONASTERO
BRESCIA;GARDONE RIVIERA
BRESCIA;GARDONE VAL TROMPIA
BRESCIA;GARGNANO
PAVIA;GARLASCO
LECCO;GARLATE
COMO;GARZENO
BRESCIA;GAVARDO
BERGAMO;GAVERINA TERME
VARESE;GAVIRATE
MANTOVA;GAZOLDO DEGLI IPPOLITI
VARESE;GAZZADA SCHIANNO
BERGAMO;GAZZANIGA
MANTOVA;GAZZUOLO
VARESE;GEMONIO
CREMONA;GENIVOLTA
COMO;GERA LARIO
PAVIA;GERENZAGO
VARESE;GERENZANO
VARESE;GERMIGNAGA
SONDRIO;GEROLA ALTA
CREMONA;GERRE DE' CAPRIOLI
MILANO;GESSATE
BRESCIA;GHEDI
BERGAMO;GHISALBA
BRESCIA;GIANICO
PAVIA;GIUSSAGO
MONZA E BRIANZA;GIUSSANO
PAVIA;GODIASCO SALICE TERME
MANTOVA;GOITO
VARESE;GOLASECCA
PAVIA;GOLFERENZO
CREMONA;GOMBITO
MANTOVA;GONZAGA
SONDRIO;GORDONA
MILANO;GORGONZOLA
VARESE;GORLA MAGGIORE
VARESE;GORLA MINORE
BERGAMO;GORLAGO
BERGAMO;GORLE
VARESE;GORNATE-OLONA
BERGAMO;GORNO
BRESCIA;GOTTOLENGO
LODI;GRAFFIGNANA
COMO;GRANDATE
COMO;GRANDOLA ED UNITI
VARESE;GRANTOLA
BERGAMO;GRASSOBBIO
COMO;GRAVEDONA ED UNITI
PAVIA;GRAVELLONA LOMELLINA
MILANO;GREZZAGO
COMO;GRIANTE
BERGAMO;GROMO
BERGAMO;GRONE
CREMONA;GRONTARDO
PAVIA;GROPELLO CAIROLI
SONDRIO;GROSIO
SONDRIO;GROSOTTO
CREMONA;GRUMELLO CREMONESE ED UNITI
BERGAMO;GRUMELLO DEL MONTE
COMO;GUANZATE
LODI;GUARDAMIGLIO
MILANO;GUDO VISCONTI
MANTOVA;GUIDIZZOLO
BRESCIA;GUSSAGO
CREMONA;GUSSOLA
BRESCIA;IDRO
LECCO;IMBERSAGO
VARESE;INARZO
BRESCIA;INCUDINE
VARESE;INDUNO OLONA
LECCO;INTROBIO
COMO;INVERIGO
PAVIA;INVERNO E MONTELEONE
MILANO;INVERUNO
MILANO;INZAGO
BRESCIA;IRMA
BRESCIA;ISEO
BERGAMO;ISOLA DI FONDRA
CREMONA;ISOLA DOVARESE
BRESCIA;ISORELLA
VARESE;ISPRA
BERGAMO;ISSO
CREMONA;IZANO
VARESE;JERAGO CON ORAGO
LECCO;LA VALLETTA BRIANZA
MILANO;LACCHIARELLA
COMO;LAGLIO
MILANO;LAINATE
COMO;LAINO
BERGAMO;LALLIO
COMO;LAMBRUGO
PAVIA;LANDRIANO
PAVIA;LANGOSCO
SONDRIO;LANZADA
PAVIA;LARDIRAGO
COMO;LASNIGO
VARESE;LAVENA PONTE TRESA
VARESE;LAVENO-MOMBELLO
BRESCIA;LAVENONE
MONZA E BRIANZA;LAZZATE
LECCO;LECCO
BERGAMO;LEFFE
VARESE;LEGGIUNO
MILANO;LEGNANO
BERGAMO;LENNA
BRESCIA;LENO
MONZA E BRIANZA;LENTATE SUL SEVESO
MONZA E BRIANZA;LESMO
BERGAMO;LEVATE
COMO;LEZZENO
LECCO;LIERNA
MONZA E BRIANZA;LIMBIATE
COMO;LIMIDO COMASCO
BRESCIA;LIMONE SUL GARDA
PAVIA;LINAROLO
COMO;LIPOMO
PAVIA;LIRIO
MILANO;LISCATE
MONZA E BRIANZA;LISSONE
SONDRIO;LIVIGNO
COMO;LIVO
LODI;LIVRAGA
MILANO;LOCATE DI TRIULZI
COMO;LOCATE VARESINO
BERGAMO;LOCATELLO
LODI;LODI
LODI;LODI VECCHIO
BRESCIA;LODRINO
BRESCIA;LOGRATO
LECCO;LOMAGNA
COMO;LOMAZZO
PAVIA;LOMELLO
VARESE;LONATE CEPPINO
VARESE;LONATE POZZOLO
BRESCIA;LONATO DEL GARDA
BRESCIA;LONGHENA
COMO;LONGONE AL SEGRINO
BRESCIA;LOSINE
BERGAMO;LOVERE
SONDRIO;LOVERO
BRESCIA;LOZIO
VARESE;LOZZA
VARESE;LUINO
COMO;LUISAGO
BRESCIA;LUMEZZANE
PAVIA;LUNGAVILLA
COMO;LURAGO D'ERBA
COMO;LURAGO MARINONE
BERGAMO;LURANO
COMO;LURATE CACCIVIO
VARESE;LUVINATE
BERGAMO;LUZZANA
VARESE;MACCAGNO
LODI;MACCASTORNA
MONZA E BRIANZA;MACHERIO
BRESCIA;MACLODIO
SONDRIO;MADESIMO
CREMONA;MADIGNANO
BERGAMO;MADONE
BRESCIA;MAGASA
MILANO;MAGENTA
PAVIA;MAGHERNO
MANTOVA;MAGNACAVALLO
MILANO;MAGNAGO
COMO;MAGREGLIO
LODI;MAIRAGO
BRESCIA;MAIRANO
CREMONA;MALAGNINO
BRESCIA;MALEGNO
LODI;MALEO
VARESE;MALGESSO
LECCO;MALGRATE
VARESE;MALNATE
BRESCIA;MALONNO
LECCO;MANDELLO DEL LARIO
BRESCIA;MANERBA DEL GARDA
BRESCIA;MANERBIO
SONDRIO;MANTELLO
MANTOVA;MANTOVA
BERGAMO;MAPELLO
MILANO;MARCALLO CON CASONE
MANTOVA;MARCARIA
BRESCIA;MARCHENO
VARESE;MARCHIROLO
PAVIA;MARCIGNAGO
LECCO;MARGNO
MANTOVA;MARIANA MANTOVANA
COMO;MARIANO COMENSE
BRESCIA;MARMENTINO
MANTOVA;MARMIROLO
VARESE;MARNATE
BRESCIA;MARONE
CREMONA;MARTIGNANA DI PO
BERGAMO;MARTINENGO
LODI;MARUDO
PAVIA;MARZANO
VARESE;MARZIO
MILANO;MASATE
VARESE;MASCIAGO PRIMO
COMO;MASLIANICO
LODI;MASSALENGO
BRESCIA;MAZZANO
SONDRIO;MAZZO DI VALTELLINA
MONZA E BRIANZA;MEDA
PAVIA;MEDE
MILANO;MEDIGLIA
BERGAMO;MEDOLAGO
MANTOVA;MEDOLE
MILANO;MELEGNANO
LODI;MELETI
SONDRIO;MELLO
MILANO;MELZO
COMO;MENAGGIO
PAVIA;MENCONICO
LECCO;MERATE
VARESE;MERCALLO
LODI;MERLINO
COMO;MERONE
SONDRIO;MESE
VARESE;MESENZANA
MILANO;MESERO
MONZA E BRIANZA;MEZZAGO
PAVIA;MEZZANA BIGLI
PAVIA;MEZZANA RABATTONE
PAVIA;MEZZANINO
BERGAMO;MEZZOLDO
MILANO;MILANO
BRESCIA;MILZANO
PAVIA;MIRADOLO TERME
BERGAMO;MISANO DI GERA D'ADDA
MONZA E BRIANZA;MISINTO
LECCO;MISSAGLIA
LECCO;MOGGIO
MANTOVA;MOGLIA
BERGAMO;MOIO DE' CALVI
LECCO;MOLTENO
COMO;MOLTRASIO
BERGAMO;MONASTEROLO DEL CASTELLO
COMO;MONGUZZO
BRESCIA;MONIGA DEL GARDA
BRESCIA;MONNO
SONDRIO;MONTAGNA IN VALTELLINA
PAVIA;MONTALTO PAVESE
LODI;MONTANASO LOMBARDO
COMO;MONTANO LUCINO
CREMONA;MONTE CREMASCO
BRESCIA;MONTE ISOLA
LECCO;MONTE MARENZO
PAVIA;MONTEBELLO DELLA BATTAGLIA
PAVIA;MONTECALVO VERSIGGIA
VARESE;MONTEGRINO VALTRAVAGLIA
BERGAMO;MONTELLO
COMO;MONTEMEZZO
PAVIA;MONTESCANO
PAVIA;MONTESEGALE
LECCO;MONTEVECCHIA
BRESCIA;MONTICELLI BRUSATI
PAVIA;MONTICELLI PAVESE
LECCO;MONTICELLO BRIANZA
BRESCIA;MONTICHIARI
BRESCIA;MONTIRONE
CREMONA;MONTODINE
COMO;MONTORFANO
PAVIA;MONTÙ BECCARIA
VARESE;MONVALLE
MONZA E BRIANZA;MONZA
MANTOVA;MONZAMBANO
VARESE;MORAZZONE
SONDRIO;MORBEGNO
BERGAMO;MORENGO
MILANO;MORIMONDO
VARESE;MORNAGO
BERGAMO;MORNICO AL SERIO
PAVIA;MORNICO LOSANA
PAVIA;MORTARA
LECCO;MORTERONE
CREMONA;MOSCAZZANO
CREMONA;MOTTA BALUFFI
MILANO;MOTTA VISCONTI
MANTOVA;MOTTEGGIANA
BERGAMO;MOZZANICA
COMO;MOZZATE
BERGAMO;MOZZO
MONZA E BRIANZA;MUGGIÒ
LODI;MULAZZANO
BRESCIA;MURA
BRESCIA;MUSCOLINE
COMO;MUSSO
BRESCIA;NAVE
BERGAMO;NEMBRO
MILANO;NERVIANO
COMO;NESSO
BRESCIA;NIARDO
LECCO;NIBIONNO
PAVIA;NICORVO
MILANO;NOSATE
MONZA E BRIANZA;NOVA MILANESE
SONDRIO;NOVATE MEZZOLA
MILANO;NOVATE MILANESE
COMO;NOVEDRATE
MILANO;NOVIGLIO
BRESCIA;NUVOLENTO
BRESCIA;NUVOLERA
BRESCIA;ODOLO
CREMONA;OFFANENGO
BRESCIA;OFFLAGA
VARESE;OGGIONA CON SANTO STEFANO
LECCO;OGGIONO
PAVIA;OLEVANO DI LOMELLINA
COMO;OLGIATE COMASCO
LECCO;OLGIATE MOLGORA
VARESE;OLGIATE OLONA
LECCO;OLGINATE
PAVIA;OLIVA GESSI
LECCO;OLIVETO LARIO
CREMONA;OLMENETA
BERGAMO;OLMO AL BREMBO
BERGAMO;OLTRE IL COLLE
BERGAMO;OLTRESSENDA ALTA
COMO;OLTRONA DI SAN MAMETTE
BRESCIA;OME
BERGAMO;ONETA
BRESCIA;ONO SAN PIETRO
BERGAMO;ONORE
MILANO;OPERA
VARESE;ORIGGIO
VARESE;ORINO
BERGAMO;ORIO AL SERIO
LODI;ORIO LITTA
MONZA E BRIANZA;ORNAGO
BERGAMO;ORNICA
COMO;ORSENIGO
BRESCIA;ORZINUOVI
BRESCIA;ORZIVECCHI
BERGAMO;OSIO SOPRA
BERGAMO;OSIO SOTTO
VARESE;OSMATE
LECCO;OSNAGO
LODI;OSPEDALETTO LODIGIANO
BRESCIA;OSPITALETTO
LODI;OSSAGO LODIGIANO
BRESCIA;OSSIMO
MILANO;OSSONA
CREMONA;OSTIANO
MANTOVA;OSTIGLIA
PAVIA;OTTOBIANO
MILANO;OZZERO
BRESCIA;PADENGHE SUL GARDA
LECCO;PADERNO D'ADDA
MILANO;PADERNO DUGNANO
BRESCIA;PADERNO FRANCIACORTA
CREMONA;PADERNO PONCHIELLI
BERGAMO;PAGAZZANO
LECCO;PAGNONA
BRESCIA;PAISCO LOVENO
BRESCIA;PAITONE
BERGAMO;PALADINA
BERGAMO;PALAZZAGO
CREMONA;PALAZZO PIGNANO
BRESCIA;PALAZZOLO SULL'OGLIO
PAVIA;PALESTRO
BERGAMO;PALOSCO
PAVIA;PANCARANA
CREMONA;PANDINO
MILANO;PANTIGLIATE
MILANO;PARABIAGO
BRESCIA;PARATICO
LECCO;PARLASCO
PAVIA;PARONA
BERGAMO;PARRE
BERGAMO;PARZANICA
BRESCIA;PASPARDO
BRESCIA;PASSIRANO
LECCO;PASTURO
MILANO;PAULLO
PAVIA;PAVIA
BRESCIA;PAVONE DEL MELLA
SONDRIO;PEDESINA
BERGAMO;PEDRENGO
COMO;PEGLIO
MANTOVA;PEGOGNAGA
BERGAMO;PEIA
LECCO;PERLEDO
MILANO;PERO
CREMONA;PERSICO DOSIMO
BRESCIA;PERTICA ALTA
BRESCIA;PERTICA BASSA
CREMONA;PESCAROLO ED UNITI
LECCO;PESCATE
MILANO;PESCHIERA BORROMEO
MILANO;PESSANO CON BORNAGO
CREMONA;PESSINA CREMONESE
BRESCIA;PEZZAZE
CREMONA;PIADENA
BRESCIA;PIAN CAMUNO
BRESCIA;PIANCOGNO
COMO;PIANELLO DEL LARIO
CREMONA;PIANENGO
BERGAMO;PIANICO
SONDRIO;PIANTEDO
BERGAMO;PIARIO
SONDRIO;PIATEDA
BERGAMO;PIAZZA BREMBANA
BERGAMO;PIAZZATORRE
BERGAMO;PIAZZOLO
CREMONA;PIERANICA
PAVIA;PIETRA DE' GIORGI
PAVIA;PIEVE ALBIGNOLA
PAVIA;PIEVE DEL CAIRO
CREMONA;PIEVE D'OLMI
MILANO;PIEVE EMANUELE
LODI;PIEVE FISSIRAGA
PAVIA;PIEVE PORTO MORONE
CREMONA;PIEVE SAN GIACOMO
COMO;PIGRA
PAVIA;PINAROLO PO
MILANO;PIOLTELLO
BRESCIA;PISOGNE
MANTOVA;PIUBEGA
SONDRIO;PIURO
PAVIA;PIZZALE
CREMONA;PIZZIGHETTONE
COMO;PLESIO
MANTOVA;POGGIO RUSCO
SONDRIO;POGGIRIDENTI
MILANO;POGLIANO MILANESE
COMO;POGNANA LARIO
BERGAMO;POGNANO
BRESCIA;POLAVENO
BRESCIA;POLPENAZZE DEL GARDA
BRESCIA;POMPIANO
MANTOVA;POMPONESCO
BRESCIA;PONCARALE
COMO;PONNA
BRESCIA;PONTE DI LEGNO
SONDRIO;PONTE IN VALTELLINA
COMO;PONTE LAMBRO
PAVIA;PONTE NIZZA
BERGAMO;PONTE NOSSA
BERGAMO;PONTE SAN PIETRO
BERGAMO;PONTERANICA
BRESCIA;PONTEVICO
MANTOVA;PONTI SUL MINCIO
BERGAMO;PONTIDA
BERGAMO;PONTIROLO NUOVO
BRESCIA;PONTOGLIO
COMO;PORLEZZA
PAVIA;PORTALBERA
VARESE;PORTO CERESIO
MANTOVA;PORTO MANTOVANO
VARESE;PORTO VALTRAVAGLIA
SONDRIO;POSTALESIO
CREMONA;POZZAGLIO ED UNITI
MILANO;POZZO D'ADDA
BRESCIA;POZZOLENGO
MILANO;POZZUOLO MARTESANA
BERGAMO;PRADALUNGA
BRESCIA;PRALBOINO
SONDRIO;PRATA CAMPORTACCIO
BERGAMO;PREDORE
MILANO;PREGNANA MILANESE
LECCO;PREMANA
BERGAMO;PREMOLO
BRESCIA;PRESEGLIE
BERGAMO;PRESEZZO
BRESCIA;PREVALLE
LECCO;PRIMALUNA
COMO;PROSERPIO
BRESCIA;PROVAGLIO D'ISEO
BRESCIA;PROVAGLIO VAL SABBIA
BRESCIA;PUEGNAGO DEL GARDA
BERGAMO;PUMENENGO
COMO;PUSIANO
MANTOVA;QUINGENTOLE
CREMONA;QUINTANO
BRESCIA;QUINZANO D'OGLIO
MANTOVA;QUISTELLO
VARESE;RANCIO VALCUVIA
VARESE;RANCO
BERGAMO;RANICA
BERGAMO;RANZANICO
SONDRIO;RASURA
PAVIA;REA
PAVIA;REDAVALLE
MANTOVA;REDONDESCO
BRESCIA;REMEDELLO
MONZA E BRIANZA;RENATE
MILANO;RESCALDINA
PAVIA;RETORBIDO
COMO;REZZAGO
BRESCIA;REZZATO
MILANO;RHO
CREMONA;RICENGO
CREMONA;RIPALTA ARPINA
CREMONA;RIPALTA CREMASCA
CREMONA;RIPALTA GUERINA
BERGAMO;RIVA DI SOLTO
PAVIA;RIVANAZZANO TERME
CREMONA;RIVAROLO DEL RE ED UNITI
MANTOVA;RIVAROLO MANTOVANO
CREMONA;RIVOLTA D'ADDA
LECCO;ROBBIATE
PAVIA;ROBBIO
MILANO;ROBECCHETTO CON INDUNO
CREMONA;ROBECCO D'OGLIO
PAVIA;ROBECCO PAVESE
MILANO;ROBECCO SUL NAVIGLIO
PAVIA;ROCCA DE' GIORGI
PAVIA;ROCCA SUSELLA
BRESCIA;ROCCAFRANCA
MILANO;RODANO
BRESCIA;RODENGO SAIANO
COMO;RODERO
MANTOVA;RODIGO
BRESCIA;ROÈ VOLCIANO
LECCO;ROGENO
PAVIA;ROGNANO
BERGAMO;ROGNO
SONDRIO;ROGOLO
PAVIA;ROMAGNESE
CREMONA;ROMANENGO
BERGAMO;ROMANO DI LOMBARDIA
COMO;RONAGO
BRESCIA;RONCADELLE
PAVIA;RONCARO
MONZA E BRIANZA;RONCELLO
MONZA E BRIANZA;RONCO BRIANTINO
BERGAMO;RONCOBELLO
MANTOVA;RONCOFERRARO
BERGAMO;RONCOLA
PAVIA;ROSASCO
MILANO;ROSATE
BERGAMO;ROTA D'IMAGNA
BRESCIA;ROVATO
COMO;ROVELLASCA
COMO;ROVELLO PORRO
MANTOVA;ROVERBELLA
PAVIA;ROVESCALA
BERGAMO;ROVETTA
MILANO;ROZZANO
BRESCIA;RUDIANO
PAVIA;RUINO
BRESCIA;SABBIO CHIESE
MANTOVA;SABBIONETA
COMO;SALA COMACINA
BRESCIA;SALE MARASINO
LODI;SALERANO SUL LAMBRO
BRESCIA;SALÒ
VARESE;SALTRIO
CREMONA;SALVIROLA
VARESE;SAMARATE
SONDRIO;SAMOLACO
COMO;SAN BARTOLOMEO VAL CAVARGNA
CREMONA;SAN BASSANO
MANTOVA;SAN BENEDETTO PO
PAVIA;SAN CIPRIANO PO
MILANO;SAN COLOMBANO AL LAMBRO
PAVIA;SAN DAMIANO AL COLLE
CREMONA;SAN DANIELE PO
MILANO;SAN DONATO MILANESE
BRESCIA;SAN FELICE DEL BENACO
COMO;SAN FERMO DELLA BATTAGLIA
LODI;SAN FIORANO
PAVIA;SAN GENESIO ED UNITI
BRESCIA;SAN GERVASIO BRESCIANO
MANTOVA;SAN GIACOMO DELLE SEGNATE
SONDRIO;SAN GIACOMO FILIPPO
PAVIA;SAN GIORGIO DI LOMELLINA
MANTOVA;SAN GIORGIO DI MANTOVA
MILANO;SAN GIORGIO SU LEGNANO
BERGAMO;SAN GIOVANNI BIANCO
MANTOVA;SAN GIOVANNI DEL DOSSO
CREMONA;SAN GIOVANNI IN CROCE
MILANO;SAN GIULIANO MILANESE
MANTOVA;SAN MARTINO DALL'ARGINE
CREMONA;SAN MARTINO DEL LAGO
LODI;SAN MARTINO IN STRADA
PAVIA;SAN MARTINO SICCOMARIO
COMO;SAN NAZZARO VAL CAVARGNA
BRESCIA;SAN PAOLO
BERGAMO;SAN PAOLO D'ARGON
BERGAMO;SAN PELLEGRINO TERME
LODI;SAN ROCCO AL PORTO
COMO;SAN SIRO
MILANO;SAN VITTORE OLONA
BRESCIA;SAN ZENO NAVIGLIO
MILANO;SAN ZENONE AL LAMBRO
PAVIA;SAN ZENONE AL PO
VARESE;SANGIANO
PAVIA;SANNAZZARO DE' BURGONDI
BERGAMO;SANTA BRIGIDA
PAVIA;SANTA CRISTINA E BISSONE
PAVIA;SANTA GIULETTA
PAVIA;SANTA MARGHERITA DI STAFFORA
PAVIA;SANTA MARIA DELLA VERSA
LECCO;SANTA MARIA HOÈ
PAVIA;SANT'ALESSIO CON VIALONE
LODI;SANT'ANGELO LODIGIANO
PAVIA;SANT'ANGELO LOMELLINA
LODI;SANTO STEFANO LODIGIANO
MILANO;SANTO STEFANO TICINO
BERGAMO;SANT'OMOBONO TERME
BRESCIA;SAREZZO
BERGAMO;SARNICO
VARESE;SARONNO
PAVIA;SARTIRANA LOMELLINA
BRESCIA;SAVIORE DELL'ADAMELLO
PAVIA;SCALDASOLE
CREMONA;SCANDOLARA RAVARA
CREMONA;SCANDOLARA RIPA D'OGLIO
BERGAMO;SCANZOROSCIATE
COMO;SCHIGNANO
BERGAMO;SCHILPARIO
MANTOVA;SCHIVENOGLIA
LODI;SECUGNAGO
MILANO;SEDRIANO
BERGAMO;SEDRINA
MILANO;SEGRATE
BRESCIA;SELLERO
BERGAMO;SELVINO
PAVIA;SEMIANA
MILANO;SENAGO
BRESCIA;SENIGA
COMO;SENNA COMASCO
LODI;SENNA LODIGIANA
MONZA E BRIANZA;SEREGNO
CREMONA;SERGNANO
BERGAMO;SERIATE
BERGAMO;SERINA
BRESCIA;SERLE
MANTOVA;SERMIDE E FELONICA
SONDRIO;SERNIO
MANTOVA;SERRAVALLE A PO
VARESE;SESTO CALENDE
CREMONA;SESTO ED UNITI
MILANO;SESTO SAN GIOVANNI
MILANO;SETTALA
MILANO;SETTIMO MILANESE
MONZA E BRIANZA;SEVESO
PAVIA;SILVANO PIETRA
BRESCIA;SIRMIONE
LECCO;SIRONE
LECCO;SIRTORI
PAVIA;SIZIANO
BRESCIA;SOIANO DEL LAGO
MILANO;SOLARO
CREMONA;SOLAROLO RAINERIO
COMO;SOLBIATE
VARESE;SOLBIATE ARNO
VARESE;SOLBIATE OLONA
MANTOVA;SOLFERINO
BERGAMO;SOLTO COLLINA
BERGAMO;SOLZA
LODI;SOMAGLIA
VARESE;SOMMA LOMBARDO
PAVIA;SOMMO
CREMONA;SONCINO
SONDRIO;SONDALO
SONDRIO;SONDRIO
BERGAMO;SONGAVAZZO
BRESCIA;SONICO
LODI;SORDIO
CREMONA;SORESINA
COMO;SORICO
BERGAMO;SORISOLE
COMO;SORMANO
CREMONA;SOSPIRO
BERGAMO;SOTTO IL MONTE GIOVANNI XXIII
BERGAMO;SOVERE
MONZA E BRIANZA;SOVICO
PAVIA;SPESSA
CREMONA;SPINADESCO
CREMONA;SPINEDA
CREMONA;SPINO D'ADDA
BERGAMO;SPINONE AL LAGO
BERGAMO;SPIRANO
SONDRIO;SPRIANA
CREMONA;STAGNO LOMBARDO
COMO;STAZZONA
BERGAMO;STEZZANO
PAVIA;STRADELLA
BERGAMO;STROZZA
PAVIA;SUARDI
LECCO;SUEGLIO
LECCO;SUELLO
BERGAMO;SUISIO
MONZA E BRIANZA;SULBIATE
BRESCIA;SULZANO
VARESE;SUMIRAGO
MANTOVA;SUSTINENTE
MANTOVA;SUZZARA
LECCO;TACENO
VARESE;TAINO
SONDRIO;TALAMONA
BERGAMO;TALEGGIO
SONDRIO;TARTANO
LODI;TAVAZZANO CON VILLAVESCO
COMO;TAVERNERIO
BERGAMO;TAVERNOLA BERGAMASCA
BRESCIA;TAVERNOLE SUL MELLA
SONDRIO;TEGLIO
BERGAMO;TELGATE
BRESCIA;TEMÙ
VARESE;TERNATE
BERGAMO;TERNO D'ISOLA
LODI;TERRANOVA DEI PASSERINI
CREMONA;TICENGO
BRESCIA;TIGNALE
SONDRIO;TIRANO
BRESCIA;TORBOLE CASAGLIA
CREMONA;TORLINO VIMERCATI
CREMONA;TORNATA
COMO;TORNO
PAVIA;TORRAZZA COSTE
PAVIA;TORRE BERETTI E CASTELLARO
BERGAMO;TORRE BOLDONE
PAVIA;TORRE D'ARESE
BERGAMO;TORRE DE' BUSI
PAVIA;TORRE DE' NEGRI
CREMONA;TORRE DE' PICENARDI
BERGAMO;TORRE DE' ROVERI
SONDRIO;TORRE DI SANTA MARIA
PAVIA;TORRE D'ISOLA
BERGAMO;TORRE PALLAVICINA
PAVIA;TORREVECCHIA PIA
CREMONA;TORRICELLA DEL PIZZO
PAVIA;TORRICELLA VERZATE
BRESCIA;TOSCOLANO-MADERNO
SONDRIO;TOVO DI SANT'AGATA
VARESE;TRADATE
SONDRIO;TRAONA
PAVIA;TRAVACÒ SICCOMARIO
BRESCIA;TRAVAGLIATO
VARESE;TRAVEDONA-MONATE
COMO;TREMEZZINA
BRESCIA;TREMOSINE SUL GARDA
BRESCIA;TRENZANO
BERGAMO;TRESCORE BALNEARIO
CREMONA;TRESCORE CREMASCO
SONDRIO;TRESIVIO
BERGAMO;TREVIGLIO
BERGAMO;TREVIOLO
BRESCIA;TREVISO BRESCIANO
MILANO;TREZZANO ROSA
MILANO;TREZZANO SUL NAVIGLIO
MILANO;TREZZO SULL'ADDA
COMO;TREZZONE
MILANO;TRIBIANO
CREMONA;TRIGOLO
MONZA E BRIANZA;TRIUGGIO
PAVIA;TRIVOLZIO
PAVIA;TROMELLO
VARESE;TRONZANO LAGO MAGGIORE
PAVIA;TROVO
MILANO;TRUCCAZZANO
LODI;TURANO LODIGIANO
COMO;TURATE
MILANO;TURBIGO
BERGAMO;UBIALE CLANEZZO
VARESE;UBOLDO
COMO;UGGIATE-TREVANO
BRESCIA;URAGO D'OGLIO
BERGAMO;URGNANO
MONZA E BRIANZA;USMATE VELATE
CREMONA;VAIANO CREMASCO
CREMONA;VAILATE
BERGAMO;VAL BREMBILLA
PAVIA;VAL DI NIZZA
SONDRIO;VAL MASINO
COMO;VAL REZZO
BERGAMO;VALBONDIONE
BERGAMO;VALBREMBO
COMO;VALBRONA
SONDRIO;VALDIDENTRO
SONDRIO;VALDISOTTO
PAVIA;VALEGGIO
LODI;VALERA FRATTA
SONDRIO;VALFURVA
VARESE;VALGANNA
BERGAMO;VALGOGLIO
LECCO;VALGREGHENTINO
PAVIA;VALLE LOMELLINA
PAVIA;VALLE SALIMBENE
BERGAMO;VALLEVE
BRESCIA;VALLIO TERME
LECCO;VALMADRERA
COMO;VALMOREA
BERGAMO;VALNEGRA
COMO;VALSOLDA
BERGAMO;VALTORTA
LECCO;VALVARRONE
PAVIA;VALVERDE
BRESCIA;VALVESTINO
MILANO;VANZAGHELLO
MILANO;VANZAGO
MILANO;VAPRIO D'ADDA
VARESE;VARANO BORGHI
MONZA E BRIANZA;VAREDO
LECCO;VARENNA
VARESE;VARESE
PAVIA;VARZI
MONZA E BRIANZA;VEDANO AL LAMBRO
VARESE;VEDANO OLONA
BERGAMO;VEDESETA
MONZA E BRIANZA;VEDUGGIO CON COLZANO
COMO;VELESO
PAVIA;VELEZZO LOMELLINA
PAVIA;VELLEZZO BELLINI
LECCO;VENDROGNO
VARESE;VENEGONO INFERIORE
VARESE;VENEGONO SUPERIORE
COMO;VENIANO
MONZA E BRIANZA;VERANO BRIANZA
COMO;VERCANA
SONDRIO;VERCEIA
LECCO;VERCURAGO
BERGAMO;VERDELLINO
BERGAMO;VERDELLO
LECCO;VERDERIO
VARESE;VERGIATE
MILANO;VERMEZZO
MILANO;VERNATE
BRESCIA;VEROLANUOVA
BRESCIA;VEROLAVECCHIA
PAVIA;VERRETTO
PAVIA;VERRUA PO
COMO;VERTEMATE CON MINOPRIO
BERGAMO;VERTOVA
SONDRIO;VERVIO
CREMONA;VESCOVATO
BRESCIA;VESTONE
BRESCIA;VEZZA D'OGLIO
MANTOVA;VIADANA
BERGAMO;VIADANICA
PAVIA;VIDIGULFO
LECCO;VIGANÒ
BERGAMO;VIGANO SAN MARTINO
PAVIA;VIGEVANO
VARESE;VIGGIÙ
MILANO;VIGNATE
BERGAMO;VIGOLO
PAVIA;VILLA BISCOSSI
BRESCIA;VILLA CARCINA
MILANO;VILLA CORTESE
BERGAMO;VILLA D'ADDA
BERGAMO;VILLA D'ALMÈ
SONDRIO;VILLA DI CHIAVENNA
BERGAMO;VILLA DI SERIO
SONDRIO;VILLA DI TIRANO
BERGAMO;VILLA D'OGNA
COMO;VILLA GUARDIA
BRESCIA;VILLACHIARA
PAVIA;VILLANOVA D'ARDENGHI
LODI;VILLANOVA DEL SILLARO
PAVIA;VILLANTERIO
BRESCIA;VILLANUOVA SUL CLISI
MONZA E BRIANZA;VILLASANTA
MANTOVA;VILLIMPENTA
BERGAMO;VILLONGO
BERGAMO;VILMINORE DI SCALVE
MONZA E BRIANZA;VIMERCATE
MILANO;VIMODRONE
BRESCIA;VIONE
BRESCIA;VISANO
PAVIA;VISTARINO
MILANO;VITTUONE
VARESE;VIZZOLA TICINO
MILANO;VIZZOLO PREDABISSI
BRESCIA;VOBARNO
PAVIA;VOGHERA
CREMONA;VOLONGO
PAVIA;VOLPARA
MANTOVA;VOLTA MANTOVANA
CREMONA;VOLTIDO
BERGAMO;ZANDOBBIO
BERGAMO;ZANICA
PAVIA;ZAVATTARELLO
PAVIA;ZECCONE
COMO;ZELBIO
LODI;ZELO BUON PERSICO
MILANO;ZELO SURRIGONE
PAVIA;ZEME
PAVIA;ZENEVREDO
PAVIA;ZERBO
PAVIA;ZERBOLÒ
MILANO;ZIBIDO SAN GIACOMO
PAVIA;ZINASCO
BERGAMO;ZOGNO
BRESCIA;ZONE
